drug_1,CID_1,name_1,drug_2,CID_2,name_2,side_effect,side_effect_name,prob,piu,ppiu,target,non-target,GOs
209,110635,Tadalafil,159,5212,NA,852,testes pain,0.9999978542327881,0.5277171730995178,5.9604775515254e-07,"PDE6B,PDE6C,PDE11A",NA,NA
218,110634,NA,159,5212,NA,852,testes pain,0.9999959468841553,0.5262505412101746,-1.1920977271984157e-07,"PDE6B,PDE10A,PDE5A,PDE6C,ADORA1,PDE11A",NA,NA
218,110634,NA,209,110635,Tadalafil,852,testes pain,0.9999918937683105,0.5828376412391663,-1.1921025588890188e-07,"PDE6B,PDE10A,PDE6C,PDE7A,PDE11A",NA,NA
218,110634,NA,209,110635,Tadalafil,708,scotoma,0.9996368885040283,0.3669187128543854,-5.5094697017921135e-05,"PDE6B,PDE6C,PDE11A",NA,NA
209,110635,Tadalafil,159,5212,NA,492,elevated prostate specific antigen,0.9994224309921265,0.3775477707386017,0.0004920821520499885,"PDE6B,PDE6C,PDE11A",NA,NA
88,4594,omeprazole,15,54454,simvastatin,536,melanocytic naevus,0.9993971586227417,0.4304168224334717,0.0005366461118683219,ABCB1,"CD7,UGT1A6,SLCO1B3",NA
109,5734,zonisamide,54,3440,furosemide,645,bacterial pneumonia,0.9993608593940735,0.2487431913614273,0.005263116210699081,"CA4,CA1,CA3,CA9,CA7,CA2,CA6,CA12","SLC2A5,SLC4A1,SLC12A5,CYP24A1,SLURP1,SGSM2,NA","bicarbonate transport,one-carbon metabolic process,cellular ion homeostasis,chloride ion homeostasis,carbonate dehydratase activity,hydro-lyase activity,zinc ion binding,chloride transmembrane transporter activity"
209,110635,Tadalafil,159,5212,NA,336,post traumatic stress disorder,0.9993095397949219,0.41127264499664307,8.541282295482233e-05,"PDE6B,PDE6C,PDE7A,ADORA1,PDE11A",NA,NA
91,4679,pantoprazole,88,4594,omeprazole,179,bad breath,0.9993014335632324,0.6460197567939758,0.00016730790957808495,ABCB1,"NR1I3,CD7,UGT1A6,SLCO1B3",NA
209,110635,Tadalafil,159,5212,NA,514,macula lutea degeneration,0.9992325305938721,0.30652403831481934,0.0009528558584861457,"PDE6B,PDE6C,PDE7A,ADORA1,PDE11A",NA,NA
192,3658,hydroxyzine,37,3957,loratadine,639,seborrhoeic keratosis,0.9992234706878662,0.2662941515445709,0.00013791302626486868,"KCNH2,ABCB1,HRH1",NA,NA
152,942,3-(1-methylpyrrolidin-2-yl)pyridine,38,4595,ondansetron,765,Ovarian cancer,0.9991945624351501,0.4683097302913666,0.3557432293891907,"CHRND,CHRNB2,CHRFAM7A,CHRNB4,CHRNA10,HTR7","PDZD8,CHRNB1,CNNM1","acetylcholine-gated channel complex,integral component of postsynaptic specialization membrane,neuromuscular junction,acetylcholine binding,acetylcholine-gated cation-selective channel activity,transmitter-gated ion channel activity involved in regulation of postsynaptic membrane potential"
209,110635,Tadalafil,159,5212,NA,153,Deafness neurosensory,0.9991818070411682,0.5944613218307495,0.00019435095600783825,"PDE6B,PDE6C,PDE7A,ADORA1,PDE11A",NA,NA
197,937,nicotinate,195,3339,fenofibrate,686,congenital heart disease,0.9991590976715088,0.6517816185951233,8.518706454196945e-05,"RBP7,PPARG,HCAR2,HBB,CRABP1,FABP12,FABP9,HBE1,HBQ1",NA,NA
179,68740,Zoledronic acid,73,2088,ALENDRONIC ACID,518,chronic sinusitis,0.999147891998291,0.4360160529613495,0.001451358082704246,"FDPS,PDSS2,GGPS1,RUSC1,MMP2","NUS1,ZNF517,FOXD4L6,OXLD1","isoprenoid biosynthetic process,prenyltransferase activity"
56,271,calcium ion,38,4595,ondansetron,847,xerosis,0.9990932941436768,0.5250317454338074,0.9982810616493225,"ZNF319,ZNF233,KCNU1,PEBP1,CHRNB1,ZNF22,SPATA21,PEBP4,ZCCHC11,ETNK1,TIMP2,CHKA,ZNF281,ETNK2,TMPRSS11E,ATP1A3,PRSS22,COL11A2,GRSF1,TC2N,ZFP14,KIF12,ATOX1,ZNF728,ZNF287,SHH,ZNF878,ZNF648,DUSP12,PRKCH,CIB2,MYO3B,GDPD2,ZNF727,TMX3,HGFAC,ZNF441,PDIA5,ZNF615,ZNF772,ZNF628,ZNF383,ZNF680,ZNF790,ZNF90,CPA3,SERPINA10,ZNF415,ZNF484,ATP1A4,ATP1A2,ZNF597,TTLL10,SPHK1,TXNDC16,DPYSL2,KLK14,ZNF324,ATP12A,TPM3,PLCD1,MYO7B,GANC,KLF6,KIAA1161,SLC25A24,ZNF23,ADCY5,PDIA6,GNE,ATP2B2,PUDP,ADCY7,ADCY6,SDSL,KLK1,ZNF367,ZNF251,SI,PKN1,GANAB,TPTE,MSRB3,TRIB2,ADCY2,GNPNAT1,SAT1,ANXA6,ENPP6,KLK2,IGDCC3,NIM1K,TSSK6,ZNF785,NTN3,IGDCC4,NTN5,NEO1,HTR1B,LRP3,MSRB2,CHRM1,CAMK1D,PEF1,ZNF264,GNA12,CYP39A1,CYP4B1,CYP7B1,HDAC6,CYP4F22,VWA1,CYP4V2,CYP4F3,SNRPA,CYP4F11,ZNF446,ZNF280A,FNTB,ZFAT,NCAM2,ZNF300,ANXA13,KLK4,RAB24,ZNF654,ZNF253,NME2,S100A5,NUDT11,PRSS45,ZFP41,TPK1,STK32A,PRKAR2B,CAPN9,TPSAB1,FAHD1,ACTBL2,ZNF625,PRSS36,CLEC4E,CTSF,ZNF155,MAN2C1,ZNF101,PRKAR1B,G6PD,ZNF543,ZNF337,ZNF846,ZNF146,ZBTB4,PNKP,ZNF165,ZNF670,ZNF26,ZNF547,MSRB1,RABGEF1,ZNF550,TPTE2,LRP5L,ZNF784,MCM3AP,IAH1,SERPINA1,ZNF212,GGPS1,CNNM3,ZNF513,ESRRG,MAP3K3,TMOD1,MYL3,GSN,HSPA13,HBA2,TNNI2,LSM6,C6,ZNF28,CAPN1,DOC2B,YBX1,AXL,ZNF605,ANXA3,ZNF490,ZNF235,SEMA5B,MYL1,PRSS37,SYT4,RAB12,HAVCR1,MYO9B,ZNF257,KLF15,CYP19A1,KLK9,TGM3,HTRA2,ZBTB48,CKMT2,ATP6V1E1,SSH1,CYP2A7,ZNF687,TMPRSS13,KLRG1,TWF2,AKR1D1,RIPK4,TMPRSS7,SPIRE1,MYH9,RTN4IP1,HDHD2,AADACL2,CFH,HK1,CHRNB2,HMSD,SRP54,KIF1C,COA6,PPP2CA,CAD,FIBCD1,SNCAIP,KLK12,TMBIM1,SPINK13,MRPL38,ZNF131,SACM1L,ZNF462,TXNDC9,ANXA1,AADACL3,DDX58,GCSH,ENPP7,ZNF473,APP,CPA4,PRSS46,ZNF677,MRPS6,ATP8B2,CBLC,HSPH1,SLC47A2,MAP1LC3C,TUBD1,VAMP7,METAP1,PMPCA,RAB35,VAMP1,MYL4,KLKB1,FDFT1,F11,SYT11,TRPV3,ARPC4-TTLL3,SYNJ1,ATHL1,DNAJC6,ANKRD26,MAN1A2,ABHD10,SAMD4B,SYT1,ZBTB5,CELA1,VAMP5,SEC22A,CYP2U1,S100Z,TTLL9,PPCS,ANXA10,RND1,CIB4,VAMP3,SYT2,PLCD4,MYH13,ALPP,PLCH1,ARPC5,EFCAB9,ARPC3,SEMA3A,PLXNA2,TUBE1,HIC1,TOP2B,SELL,MYH15,RASIP1,OCM,ZSCAN16,EFCAB3,CHRNA10,CHRNA6,PVALB,IKZF2,CALML5,CALML4,IKZF1,ZNF217,TXNDC8,ZNF35,EFCAB2,ZBTB7B,OCM2,CP,ZNF521,HHIP,SEMA6B,TSSK1B,ZNF354B,DUSP4,STX4,ZNF432,GRINA,APMAP,NCEH1,CDH11,ZNF721,GMFB,ANKRD22,ZNF497,GRID2,FAT2,FAT4,FAT1,PCSK9,TXNDC11,RAD51C,DCHS1,RPS6KA6,MMP16,ZNF577,DAPK1,CYGB,ZNF879,SLC9A1,ZNF782,ZFP82,DAPK3,ZBTB39,CLIC2,ZNF560,ARF5,SERPINF1,RXFP2,ADAM8,ZNF665,GPHN,KCNMA1,PNPLA6,KCNQ3,ZNF324B,ACADM,AKT3,TONSL,CLIC4,ZNF485,MMP7,ZNF672,COLEC12,ZBTB44,ALDH1B1,MYO19,MYO18A,TFPI2,KCNA7,ALDH8A1,ARSK,VWF,PLA2G10,RHOA,ADD2,GLIS2,PRKACG,PPEF2,PHACTR1,ZFP37,ZNF773,GNAL,GLI4,PLA2G4D,HHIPL2,NA,ALDH7A1,ZNF705D,SULF1,ZNF391,PLAGL2,RAC3,NDUFS7,ARSG,ALDH9A1,SP6,SGSH,ZNF853,ZNF69,PRDM6,ZNF74,IDS,ZNF260,BCL11B,LRRK2,CALM1,ZNF211,ARSD,ARSE,ARSF,ZNF10,ARSA,STARD9,ZNF230,PLA2G4F,HBM,HIVEP2,EGR2,UEVLD,DIRAS1,AANAT,IDH1,SELP,CXADR,RERGL,IDH2,ANKS6,GNA13,KIF18A,SDHB,SDHC,PRKG1,TUBA3D,OGDHL,ITGA5,TUBB4B,TUBB4A,TXNRD3,ANKRD55,KIF5B,TXN2,TUBB2B,LIPF,KIF3C,KLK3,SP7,RASL11B,SHANK3,GSR,KIF22,TUBA3E,CATSPER4,ZIK1,RABGGTA,FH,UMPS,SLC5A7,ACACA,KIF3A,PGK2,FKBP1B,ZSCAN30,ZNF174,TUBA4A,ZKSCAN8,DCHS2,PGK1,SDS,SLC8B1,PNKD,RPH3A,ANXA9,CASQ1,ENO3,ITGA2B,THBS2,GALNTL6,ZSCAN32,KLF1,GGTLC1,GALNT8,ZNF398,ATP2C1,WBSCR17,ZFP3,ENTPD2,ZKSCAN5,DUSP10,FANK1,COL4A1,SLC8A1,CYP2R1,TNFRSF10B,SERPINA7,ZCCHC14,COL4A5,COL4A4,C1QB,LYPLA1,CTSO,PLAA,ARL1,COL4A6,CKMT1B,PIF1,LIPK,LIPJ,TAF5,ABHD4,TBPL2,LIPM,UXS1,SERHL2,GPI,TNS1,TBP,PMM1,SERPINA12,CCS,CYP27A1,CRLS1,ISPD,SPHK2,DDX20,LYPLA2,ZBED9,HSD3B2,GAS2L1,SDR42E1,SPINK4,ZNF366,SCLY,YY2,ANKRD23,PADI4,MOCS2,NSDHL,ACMSD,PRTG,SERPINB5,CYP3A7,AUH,PDP1,SERPINI1,PPM1A,ACAA1,ACADSB,LHPP,NDUFAF5,HBQ1,ZNF358,SPINK7,ZNF518B,RPS6KA5,ECI1,HRAS,UQCR11,CYP2J2,FKBP7,ATP2A3,COX6A1,TBPL1,ARG2,ZNF3,VWA5B1,ZNF736,COX7C,HSPB11,GUCA1B,EIF4A3,RPS6KA2,COL20A1,GCLM,COL16A1,COL23A1,PPM1B,COL25A1,COL22A1,PPM1G,KRBOX4,NFKBIE,AGMAT,PDXP,LDHAL6A,BCAT2,LDHC,TMPRSS3,ZNF423,ZNF730,HDHD3,TANC1,C8G,ANKRD54,DNASE1,TESC,ZNF345,ZNF594,ZBTB21,FBN1,CLMN,PPIC,ADAM17,NTNG2,GALNT7,ZNF660,SERPINB7,TTLL5,PRKG2,KCNQ2,ZFPM2,ALKBH8,ZNF468,SERPINB6,MME,ARPC1B,ARPC2,SP1,GMFG,RABL2A,RABL2B,SOWAHC,ZNF720,MLEC,AKR1E2,CLGN,ETV5,CELA3A,CES4A,COL4A2,CES5A,SPINK6,ZNF714,CNOT7,ZNF286A,ZNF691,KITLG,REM2,TUBA3C,ECEL1,NPL,KLF5,ZNF443,GUCA1C,BCKDK,DHRSX,ZNF184,PECR,ZNF75A,ACAA2,MAP1LC3B2,DUPD1,MT-CO2,DHRS13,TXNIP,HSPA5,PARK7,RUSC1,SDR16C5,CERK,ENGASE,ZNF283,UBA7,ZNF652,SQRDL,BGLAP,KRBOX1,AIFM3,SEMA4C,RECK,NFKBIB,UQCRC2,SETMAR,FKBP5,CNOT8,PDK3,ANKRD42,AKT1,APCS,ANXA5,SERPINA6,SHBG,NDUFS8,ASB10,CBLB,TRPV6,SNRPN,NACC2,ZNF682,HP,KCNK18,BOC,HSPA8,CDKN2D,KIAA1456,ZNF787,CALML3,CABP7,ZBTB34,ZNF124,ZNF536,ZNF266,ZNF524,S100A13,ZNF528,SSH2,CARHSP1,SERPINB10,NADSYN1,FHIT,TTR,PKD2,FTH1,ZNF837,RERG,LMAN2,ENPP5,ZNF182,ZFP92,ZKSCAN2,REST,CIB3,ANXA11,ZNF679,ZNF789,TREX1,CNOT2,WT1,SCN2A,ANKRD50,ANKRD63,ANKRD20A4,ANKRD30B,ASB5,ASB6,LIN28B,BCL6,KCNK17,ANKRD37,KCNA1,NRXN3,ZNF526,MPO,ZNF532,ANKRD20A1,KLF2,SEMA5A,CYP4F12,EFCAB1,ANKRD62,ANKRD30A,ANKRD20A3,NRXN2,NRXN1,ZNF100,SULT1A2,NLGN2,ZNF865,CYP2C19,GRIA2,GRIA4,TRIT1,NLGN4X,PLAG1,CDH10,CDH9,ZNF580,FOLH1B,DUSP19,HLA-A,FDPS,ZNF227,NANP,TSTA3,RABGGTB,KCNQ4,GZMK,FAH,ZNF347,HELB,ZBTB14,C1RL,RNASEH1,ZNF142,NUDT14,NUDT7,NUDT8,ZNF662,APIP,ZNF705G,GRB14,ZNF676,KCNIP1,KCNC1,ZNF765,TRPV1,ZNF92,ZNF697,ANKS4B,TKT,UHMK1,KCNC2,UBA3,RCVRN,VSNL1,ZNF121,KCNV2,STT3A,CAPS2,PRDM16,TNNC1,MPPED1,EFCAB7,KLF14,CDK6,KCNG2,COL17A1,GUCA1A,ZNF557,CAPNS1,CAMK1,ZNF544,TUBA1B,CAMK1G,NA,MBTPS1,ZNF546,VWA5B2,IL17F,ZNF692,AEBP2,ZNF777,PEG3,PTGIS,ZNF626,KLF3,POC1B-GALNT4,LSM10,ZNF649,TXNDC5,SERPINE3,SYT15,PCSK1,PCSK4,MYL12B,ZNF705A,ATP2C2,MYL5,CHRNA3,MYLPF,HTR3A,RAB20,TTL,GZMM,PLCD3,ANKRD2,DDX11,ADAMTS4,SYT3,SERPINA11,ZNF696,BLM,MCEE,ZNF516,AKR1B1,HAGH,PRSS54,NT5E,HAGHL,ZNF646,CARNS1,SP3,GCKR,ZNF410,ZNF695,MYLK2,MKL1,ZBTB1,BCL6B,PPP2R3B,RAP1A,S100P,AMPD1,GALC,SLC8A3,ZNF268,ZFP62,AMPD3,LRRC4,AGBL2,RRM2B,STK33,ZFP91,AK8,GCA,MELK,UPP2,DCK,ENTPD3,HSCB,AGBL3,REXO1,KIF11,AK1,ZBTB37,CDON,ZNF438,PCMTD1,MYH2,GZMB,ZNF114,EGR3,EGR4,HLA-F,CTRB2,SAMD4A,APRT,HPRT1,TCN1,NA,POLB,BCL3,ARL9,ZNF267,ARL17B,ARL4D,ERCC5,GNAI3,ZIM3,ITIH1,TMPRSS2,EXO1,ARL5C,DUSP27,ANKRD36,HLA-C,LOC81691,ZIC5,ZNF589,NACC1,ZNF717,DTYMK,B4GALT5,POGZ,ZNF816-ZNF321P,ITIH6,TMPRSS9,ZNF491,ZNF445,ZNF75D,ZBTB26,ZNF644,CYP2W1,ZNF614,ATP6V1E2,NUDT2,DUSP22,HBA1,ZNF234,ZNF519,RHOD,ASZ1,ZBTB32,CNGA1,ZNF354C,CYP3A43,STON2,KCNN2,KIF24,CXXC1,HDDC2,C1QC,RHOG,SFTPD,TUBB3,RAC2,TROVE2,OSGEPL1,BRIP1,SEMA4G,KLF11,ZNF700,CMAS,RAB2A,ISG20L2,ZNF471,MMP2,ZNF565,BCL11A,FANCM,SPON2,ACTL7B,ACTL7A,GRIK2,ACTA1,SERPINB13,SLAMF6,MUS81,MMP11,ACTR1A,ACTL6A,OGG1,DHFRL1,ZNF302,ANXA7,CLPP,DMC1,STK32B,ZNF684,TMPRSS11A,SEMA3G,DICER1,ACTL8,FCN2,PRDM9,MMP27,TMPRSS11D,ACTRT1,DUSP6,ANXA8L1,ADCY10,GUCY1A3,CAST,SEMA4B,CYCS,ERAL1,RGN,S100A6,ZNF774,DUSP21,UNC13C,ACTC1,ZNF19,ZNF708,FEZF1,NME8,PRSS8,NCS1,ZNF284,ZNF616,MT-CO1,ZSCAN10,PRDM14,PRMT3,LAMA3,ZSCAN4,ZNF140,ZNF93,ZNF407,MYO1D,AKR1B15,ZNF48,ADA,ABHD14A,MYO1H,ZNF668,MYO1G,ZNF501,ZNF569,ZNF629,GSTT1,CIB1,STIM1,MYL6,SERPINB4,GGT5,KLK10,KHDRBS1,ACTR3B,NOX1,ZNF740,LAMC1,DPEP2,TPSG1,GGT6,ARPC4,PRMT6,LALBA,MMP13,TFRC,TNFAIP6,PIGO,TMPRSS11B,PIGG,PIGL,ADAL,ADAMTS5,HTR3C,MMP10,XPNPEP1,WARS2,AGA,CACNA1C,ZNF135,AFMID,HBB,LPO,LARS,ZNF552,ZNF254,ZNF500,ZNF827,S100A2,KCTD19,FBL,AFM,PROC,NOX5,F7,DUOX2,DUOX1,UBA2,KCNS2,F5,SERPINF2,SERPING1,MTF1,PRMT1,RASL12,DDX18,ZNF710,NUDT1,ZFP2,ZNF470,RAB25,ATP13A1,KCNA6,CORIN,SPARC,ZNF653,PRDM8,MAN1B1,RAP2A,ANKRD10,COL24A1,P4HB,ZNF540,PCMTD2,ITIH4,TEK,ZNF285,ITIH3,ZNF808,ZNF678,PRSS38,ZNF181,ZSCAN18,RHEBL1,GAS6,KIF6,TUBB1,ZNF232,ZNF449,F8,ZNF202,CTRL,ZNF845,TNC,ZNF891,ZNF492,ZFP30,ZNF862,ZNF248,ZNF613,ZNF18,ZNF737,CHRFAM7A,DCC,CHRNA1,ZBTB45,FNTA,SEMA4F,ZNF611,ZNF418,ZNF480,CDH4,ZNF98,ZNF814,NA,TFPI,ZNF222","TPST2,GRID1,OCA2,C1QL1,ITPRIP,LYNX1,CXCL6,COA1","ion transmembrane transport,chemical synaptic transmission,synaptic transmission, cholinergic,nervous system process,synapse,acetylcholine-gated channel complex,integral component of postsynaptic specialization membrane,postsynaptic membrane,neurotransmitter receptor activity,acetylcholine binding,serotonin binding,acetylcholine receptor activity"
88,4594,omeprazole,15,54454,simvastatin,131,anal fissure,0.9990895986557007,0.45150622725486755,0.0009433274390175939,"HMGCR,ABCB1","CD7,UGT1A6,SLCO1B3",NA
134,444,bupropion,24,5523,Ultram,510,hyperalimentation,0.9990861415863037,0.7502726316452026,-0.00010959388600895181,"SLC6A2,OPRM1,OPRK1,CHRM3,SLC6A7,SLC6A9,SLC6A6,SLC6A14,SLC6A19,HRH1,OPRD1,CHRM2,CHRM1,SLC6A16","XRCC4,SLC5A2",NA
94,3510,granisetron,38,4595,ondansetron,765,Ovarian cancer,0.9990710020065308,0.6845337748527527,0.3590850532054901,"CHRND,CHRNB2,CHRFAM7A,CHRNB4,CHRNA10,HTR7",LYNX1,"synaptic transmission, cholinergic"
88,4594,omeprazole,15,54454,simvastatin,429,spondylitis,0.999015212059021,0.45393913984298706,0.0006957349251024425,"HMGCR,ABCB1,SLCO1B1",SLCO1B3,NA
195,3339,fenofibrate,89,2662,celecoxib,552,duodenal ulcer haemorrhage,0.999002993106842,0.19678077101707458,0.0010821879841387272,"RBP7,PPARG,CA9,PXDN,PTGS2,CYP2C9,ADRA2B,PTPRZ1,FABP12,FABP9",NA,NA
209,110635,Tadalafil,159,5212,NA,329,psychosexual disorder,0.9989901185035706,0.4965743124485016,0.0008300580666400492,"PDE6B,PDE5A,PDE6C,KCNH2,PDE7A,ADORA1,PDE11A",NA,NA
209,110635,Tadalafil,159,5212,NA,442,prostatitis,0.9989400506019592,0.6056301593780518,0.0007425072253681719,"PDE6B,PDE6C,ADORA1,PDE11A",NA,NA
88,4594,omeprazole,15,54454,simvastatin,750,diaphragmatic hernia,0.9988747239112854,0.3600929379463196,0.0013161806855350733,ABCB1,"CD7,UGT1A6,SLCO1B3",NA
133,5978,vincristine,18,83786,NA,498,Hypophosphataemia,0.998839795589447,0.39626240730285645,-0.000632423791103065,"TUBB1,TUBA3C,HPRT1,TUBB4B,TUBB2B,OGG1,PRTFDC1,TUBB3,TUBA1A",NA,NA
88,4594,omeprazole,15,54454,simvastatin,802,ganglion,0.9988335967063904,0.5474815368652344,0.002108947606757283,"HMGCR,ABCB1","CD7,UGT1A6,SLCO1B3",NA
159,5212,NA,78,2118,alprazolam,852,testes pain,0.9987990856170654,0.23841527104377747,-0.0002616806305013597,"PDE6B,ADORA1,PDE5A,PDE6C,GABRA2,KCNH2,PDE7A,GABRA1,GABRA3,PDE11A",NA,NA
195,3339,fenofibrate,88,4594,omeprazole,567,defaecation urgency,0.9987665414810181,0.6004613041877747,0.0009140918264165521,"RBP7,FABP7,ABCB1,PPARG,FABP3,CRABP1,FABP12,RBP2",HSH2D,NA
88,4594,omeprazole,15,54454,simvastatin,335,psoriatic arthritis,0.9987630844116211,0.6665599942207336,0.0018300997326150537,"HMGCR,ABCB1,SLCO1B1","UGT1A6,SLCO1B3",NA
88,4594,omeprazole,15,54454,simvastatin,659,acute sinusitis,0.9987385869026184,0.5785638093948364,0.0018608797108754516,"HMGCR,ABCB1","UGT1A6,SLCO1B3",NA
91,4679,pantoprazole,88,4594,omeprazole,337,laryngitis,0.9987014532089233,0.5301659107208252,0.00021909315546508878,ABCB1,"CD7,UGT1A6,SLCO1B3",NA
88,4594,omeprazole,15,54454,simvastatin,683,hyperkeratosis,0.9986850619316101,0.5463886260986328,0.0019382095197215676,"ABCB1,SLCO1B1","UGT1A6,SLCO1B3",NA
179,68740,Zoledronic acid,73,2088,ALENDRONIC ACID,637,periodontitis,0.9986798167228699,0.39456799626350403,0.0024379491806030273,"FDPS,PDSS2,GGPS1,RUSC1,MMP2",NUS1,NA
195,3339,fenofibrate,89,2662,celecoxib,686,congenital heart disease,0.9986709356307983,0.6660483479499817,0.008102397434413433,"RBP7,PPARG,CA9,PTGS1,CYP2C9,ADRA2B,PTPRZ1,FABP12,FABP9",NA,NA
88,4594,omeprazole,15,54454,simvastatin,489,cervical vertebral fracture,0.998646080493927,0.5042423605918884,0.0009833178482949734,"HMGCR,ABCB1",NA,NA
134,444,bupropion,24,5523,Ultram,235,abuse,0.9986164569854736,0.8620128631591797,-0.00029724236810579896,"SLC6A17,OPRM1,OPRK1,CHRM3,SLC6A7,SLC6A13,CYP2C19,SLC6A9,SLC6A6,SLC6A14,SLC6A19,HRH1,SLC6A4,OPRD1,CHRM2,SLC6A16",XRCC4,NA
88,4594,omeprazole,15,54454,simvastatin,128,Candida Infection,0.9986060261726379,0.4667062759399414,0.0011205199407413602,"HMGCR,ABCB1","CD7,UGT1A6,SLCO1B3",NA
152,942,3-(1-methylpyrrolidin-2-yl)pyridine,38,4595,ondansetron,27,sepsis,0.9985843896865845,0.4500921070575714,0.9182108044624329,"CHRND,CHRNB2,CHRFAM7A,CHRNB4,CHRNA10",CHRNB1,"behavioral response to nicotine,synaptic transmission, cholinergic,nervous system process,excitatory postsynaptic potential,acetylcholine-gated channel complex,acetylcholine binding,acetylcholine receptor activity,acetylcholine-gated cation-selective channel activity,ligand-gated ion channel activity,neurotransmitter receptor activity"
94,3510,granisetron,38,4595,ondansetron,203,Small intestinal obstruction,0.9985107779502869,0.6971105933189392,0.8043672442436218,"CHRNB1,CHRND,CHRNB2,CHRFAM7A,CHRNB4,CHRNA10,HTR1B",LYNX1,"synaptic transmission, cholinergic"
100,4058,meperidine,24,5523,Ultram,213,intervertebral disc disorder,0.998478353023529,0.5649663805961609,8.142463775584474e-05,"SLC6A17,OPRM1,OPRK1,SLC6A7,SLC6A13,MC1R,SLC6A9,SLC6A6,SLC6A14,SLC6A19,SLC6A4,OPRD1,SLC6A16","XRCC4,SNCG",NA
195,3339,fenofibrate,88,4594,omeprazole,724,Post nasal drip,0.9984466433525085,0.5803750157356262,0.0009642917430028319,"RBP7,ABCB1,PPARG,FABP7,CRABP1,FABP12,FABP5,FABP9,RBP2","UGT1A6,SLCO1B3",NA
179,68740,Zoledronic acid,46,5245,Risedronic acid,637,periodontitis,0.998430073261261,0.4366067051887512,0.0028974602464586496,"FDPS,PDSS2,GGPS1,RUSC1,MMP2",NUS1,NA
89,2662,celecoxib,12,3446,gabapentin,804,Vitreous haemorrhage,0.998420238494873,0.47323688864707947,-0.0005510213668458164,"CA1,CA9,CACNA2D4,BCAT1,BCAT2,CA2,PTGS2,CACHD1,MAPK14,CA6,TPO,MELTF,CA10,CYP2C9","GPR179,C11orf54",NA
152,942,3-(1-methylpyrrolidin-2-yl)pyridine,38,4595,ondansetron,203,Small intestinal obstruction,0.9983636736869812,0.42991986870765686,0.829359233379364,"CHRND,CHRNB2,CHRFAM7A,CHRNB4,CHRNA10,HTR1B","LYNX1,SLURP1","regulation of neurotransmitter receptor activity,synaptic transmission, cholinergic"
134,444,bupropion,84,3883,lansoprazole,31,appendectomy,0.9983585476875305,0.2495901882648468,0.003152896650135517,"SLC6A7,SLC6A13,CYP2C19,CHRM4,SLC6A6,SLC6A14,CHRM1,SLC6A19,CYP2D6,SLC6A4,SLC6A8,CHRM2,PHOSPHO1,SLC6A16","XRCC4,DNASE1L1",NA
96,3325,famotidine,31,5039,Ranitidine Base,460,allergic rhinitis,0.9983499050140381,0.6766425371170044,-6.746457074768841e-05,HRH2,NA,NA
88,4594,omeprazole,15,54454,simvastatin,294,pulmonary mass,0.9983367919921875,0.5970986485481262,0.0010762233287096024,"HMGCR,ABCB1","UGT1A6,SLCO1B3",NA
88,4594,omeprazole,34,2162,amlodipine,487,external ear infection,0.9982872605323792,0.37405869364738464,0.005393563769757748,"ADRA2C,ABCB1,NALCN,CACNA1F,CACNA1G,SCN11A,ADRA2A","UGT1A6,SLCO1B3",NA
96,3325,famotidine,31,5039,Ranitidine Base,494,gastroduodenal ulcer,0.9982812404632568,0.5808784365653992,-8.663524204166606e-05,HRH2,NA,NA
96,3325,famotidine,12,3446,gabapentin,841,hyperphosphatemia,0.9982696771621704,0.24462105333805084,-5.976766624371521e-05,"CACNA2D4,BCAT1,BCAT2,CACNA2D2,HRH2",NA,NA
96,3325,famotidine,31,5039,Ranitidine Base,237,cholecystitis,0.9982584118843079,0.5578013062477112,-6.520182796521112e-05,HRH2,NA,NA
88,4594,omeprazole,15,54454,simvastatin,460,allergic rhinitis,0.9982549548149109,0.4844687581062317,0.001617333386093378,"HMGCR,ABCB1,SLCO1B1","UGT1A6,SLCO1B3",NA
91,4679,pantoprazole,88,4594,omeprazole,801,histoplasmosis,0.9982511401176453,0.2717112600803375,0.0006110029062256217,ABCB1,"CD7,UGT1A6,SLCO1B3,SLC22A8",NA
67,2678,cetirizine,19,3348,fexofenadine,639,seborrhoeic keratosis,0.998248815536499,0.739213228225708,5.254410098132212e-06,"KCNH2,HRH1",KCNE2,"membrane repolarization during action potential,regulation of membrane repolarization,membrane repolarization,membrane repolarization during ventricular cardiac muscle cell action potential,potassium ion export across plasma membrane,regulation of potassium ion transmembrane transport,ventricular cardiac muscle cell action potential,regulation of ventricular cardiac muscle cell membrane repolarization,regulation of heart rate by cardiac conduction,potassium ion import across plasma membrane,cardiac conduction,cellular response to drug,potassium ion transmembrane transport,voltage-gated potassium channel complex,voltage-gated potassium channel activity involved in ventricular cardiac muscle cell action potential repolarization,inward rectifier potassium channel activity,delayed rectifier potassium channel activity"
152,942,3-(1-methylpyrrolidin-2-yl)pyridine,38,4595,ondansetron,29,Acute Respiratory Distress Syndrome,0.9982445240020752,0.47396498918533325,0.6891648173332214,"CHRFAM7A,CHRNA10,CHRNB2,CHRND",SLURP1,NA
195,3339,fenofibrate,15,54454,simvastatin,525,sick sinus syndrome,0.9982434511184692,0.4609500765800476,0.005697065033018589,"RBP7,ABCB1,PPARG,FABP7,RBP5,PMP2,CRABP1,SLCO1B1,FABP12,FABP5,FABP9,RBP2","ABCC4,ABCC2,ABCB11","bile acid and bile salt transport,transmembrane transport,drug export,canalicular bile acid transport,leukotriene transport,drug transmembrane transport,bile acid signaling pathway,xenobiotic transport,intracellular canaliculus,intercellular canaliculus,apical plasma membrane,membrane,ATPase-coupled transmembrane transporter activity,ABC-type xenobiotic transporter activity,bile acid transmembrane transporter activity,ATPase,xenobiotic transmembrane transporter activity"
152,942,3-(1-methylpyrrolidin-2-yl)pyridine,38,4595,ondansetron,425,proctalgia,0.9982284903526306,0.5557271838188171,0.5504747033119202,"CHRND,SLC47A1,CHRNB2,CHRFAM7A,CHRNB4,CHRNA10","CHRNB1,SLURP1","synaptic transmission, cholinergic,nervous system process,regulation of membrane potential,behavioral response to nicotine,ion transmembrane transport,chemical synaptic transmission,acetylcholine-gated channel complex,neuron projection,synapse,acetylcholine binding,acetylcholine receptor activity,neurotransmitter receptor activity,acetylcholine-gated cation-selective channel activity,ligand-gated ion channel activity"
96,3325,famotidine,31,5039,Ranitidine Base,484,ear infection,0.9982184767723083,0.5078219771385193,-9.356717055197805e-05,HRH2,NA,NA
209,110635,Tadalafil,159,5212,NA,763,synovial cyst,0.9982138872146606,0.42762601375579834,0.0008933406788855791,"PDE6B,PDE6C,PDE7A,ADORA1,PDE11A",NA,NA
88,4594,omeprazole,15,54454,simvastatin,618,colitis pseudomembranous,0.9982064962387085,0.6049233675003052,0.0019405120983719826,"HMGCR,ABCB1","UGT1A6,SLCO1B3",NA
195,3339,fenofibrate,96,3325,famotidine,759,tendon injury,0.9981749057769775,0.8452169299125671,-0.000901675783097744,"RBP7,FABP2,CRABP2,PPARG,FABP3,FABP12,FABP5,FABP9,RBP2,HRH2",NA,NA
134,444,bupropion,84,3883,lansoprazole,397,schizophrenia,0.9981634020805359,0.4490099847316742,0.004129603039473295,"SLC6A13,CYP2C19,CHRM4,SLC6A6,SLC6A14,CHRM1,SLC6A19,CYP2D6,SLC6A4,CHRM2,PHOSPHO1,SLC6A16",DNASE1L1,NA
94,3510,granisetron,38,4595,ondansetron,27,sepsis,0.9981443881988525,0.6747118830680847,0.9450258612632751,"CHRND,SLC5A7,CHRNB2,CHRFAM7A,CHRNB4,CHRNA10",CHRNB1,"behavioral response to nicotine,synaptic transmission, cholinergic,nervous system process,excitatory postsynaptic potential,acetylcholine-gated channel complex,acetylcholine binding,acetylcholine receptor activity,acetylcholine-gated cation-selective channel activity,ligand-gated ion channel activity,neurotransmitter receptor activity"
88,4594,omeprazole,15,54454,simvastatin,713,eye infection,0.9981325268745422,0.588912844657898,0.00043998868204653263,"HMGCR,ABCB1",NA,NA
215,1983,acetaminophen,84,3883,lansoprazole,814,folliculitis,0.9981303811073303,0.3101993203163147,-0.00032336372532881796,"CREBBP,INS-IGF2,CYP2C19,MIF,PTGS1,CYP2D6,TPO,MELTF,MPO,TF,PHOSPHO1,CA7",CHKB,"phosphatidylethanolamine biosynthetic process,phosphatidylcholine biosynthetic process"
152,942,3-(1-methylpyrrolidin-2-yl)pyridine,38,4595,ondansetron,299,bone marrow failure,0.9981131553649902,0.39683467149734497,0.9189321994781494,"CHRND,CHRNB2,CHRFAM7A,CHRNB4,CHRNA10",LYNX1,"synaptic transmission, cholinergic"
195,3339,fenofibrate,24,5523,Ultram,759,tendon injury,0.9980542659759521,0.7829491496086121,-0.0007298484561033547,"FABP2,SLC6A4,OPRD1,FABP9,RBP2","LIPE,FABP12",triglyceride catabolic process
195,3339,fenofibrate,89,2662,celecoxib,677,Interstitial nephritis,0.9980534315109253,0.206836998462677,0.005417879670858383,"RBP7,PPARG,RBP5,CA9,LPO,CYP2C9,ADRA2B,PTPRZ1,FABP9",NA,NA
169,2267,azelastine,19,3348,fexofenadine,639,seborrhoeic keratosis,0.9980483055114746,0.6807147860527039,0.00016763740859460086,"ABCB1,KCNH2,HRH3,HRH1","KCNE2,KCNQ3","potassium ion transmembrane transport,membrane repolarization during action potential,regulation of membrane repolarization,membrane repolarization,membrane repolarization during ventricular cardiac muscle cell action potential,potassium ion export across plasma membrane,regulation of potassium ion transmembrane transport,ventricular cardiac muscle cell action potential,regulation of ventricular cardiac muscle cell membrane repolarization,regulation of heart rate by cardiac conduction,potassium ion import across plasma membrane,cardiac conduction,cellular response to drug,voltage-gated potassium channel complex,cell surface,delayed rectifier potassium channel activity,voltage-gated potassium channel activity involved in ventricular cardiac muscle cell action potential repolarization,inward rectifier potassium channel activity,voltage-gated potassium channel activity"
96,3325,famotidine,31,5039,Ranitidine Base,115,pleurisy,0.9980344176292419,0.6942599415779114,-6.008036507409997e-05,HRH2,NA,NA
209,110635,Tadalafil,159,5212,NA,764,pneumonia primary atypical,0.9979865550994873,0.46986085176467896,0.0011342355282977223,"PDE6B,PDE6C,PDE7A,ADORA1,PDE11A",NA,NA
169,2267,azelastine,88,4594,omeprazole,525,sick sinus syndrome,0.9979504942893982,0.4630114734172821,0.0012684832327067852,"ABCB1,HRH3","UGT1A6,SLCO1B3,SLC22A8,NR1I3,TBC1D9B",NA
215,1983,acetaminophen,18,83786,NA,540,hypernatraemia,0.9979335069656372,0.19534622132778168,-0.0012770459288731217,"MIF,HPRT1,MELTF,PRTFDC1,TF,CA7",NA,NA
37,3957,loratadine,19,3348,fexofenadine,31,appendectomy,0.9979263544082642,0.46964359283447266,0.00033023886498995125,"KCNH2,ABCB1,HRH1","KCNE2,KCNQ3","potassium ion transmembrane transport,membrane repolarization during action potential,regulation of membrane repolarization,membrane repolarization,membrane repolarization during ventricular cardiac muscle cell action potential,potassium ion export across plasma membrane,regulation of potassium ion transmembrane transport,ventricular cardiac muscle cell action potential,regulation of ventricular cardiac muscle cell membrane repolarization,regulation of heart rate by cardiac conduction,potassium ion import across plasma membrane,cardiac conduction,cellular response to drug,voltage-gated potassium channel complex,cell surface,delayed rectifier potassium channel activity,voltage-gated potassium channel activity involved in ventricular cardiac muscle cell action potential repolarization,inward rectifier potassium channel activity,voltage-gated potassium channel activity"
88,4594,omeprazole,15,54454,simvastatin,244,Diabetic Retinopathy,0.9979217648506165,0.49841076135635376,0.0013779428554698825,"HMGCR,ABCB1",NA,NA
69,2756,cimetidine,18,83786,NA,599,lymphoma,0.9979087114334106,0.19514231383800507,-0.000927420798689127,"SLC22A5,SLC47A1,HPRT1,PRTFDC1,HRH4,HRH2",NA,NA
88,4594,omeprazole,15,54454,simvastatin,396,eating disorder,0.9979046583175659,0.5620582699775696,0.001273618545383215,ABCB1,UGT1A6,NA
91,4679,pantoprazole,15,54454,simvastatin,736,cerumen impaction,0.9978561997413635,0.21699689328670502,0.0004180691612418741,"HMGCR,ABCB1","CD7,UGT1A6",NA
88,4594,omeprazole,15,54454,simvastatin,220,arteriosclerosis,0.9978247880935669,0.48172879219055176,0.0021562392357736826,"HMGCR,ABCB1",SLCO1B3,NA
167,3032,diclofenac(1-),89,2662,celecoxib,858,Cystitis Interstitial,0.997812032699585,0.3737291097640991,0.08584297448396683,"CYP2E1,CYP39A1,CYP7B1,PTGS1,LPO,CYP2C9,CA5B,CYP4F11,CA10,UGT1A7,CYP2J2,CA2,CYP2D6,ADRA2B,CA12,CA3,PXDN,CA9,CYP2C19,TPO,MELTF","HSD11B1,UGT2B4,UGT1A6,DDX31,F9,PLB1,UGT1A4,UGT1A9,NR1I3,SGSM2","cellular glucuronidation,flavonoid glucuronidation,xenobiotic glucuronidation,xenobiotic metabolic process,estrogen metabolic process,monoterpenoid metabolic process,drug catabolic process,endoplasmic reticulum membrane,glucuronosyltransferase activity"
134,444,bupropion,23,4158,methylphenidate,855,corneal abrasion,0.9978083968162537,0.3048816919326782,0.057318542152643204,"SLC6A19,SLC6A13,SLC6A6,SLC6A14",NA,NA
179,68740,Zoledronic acid,73,2088,ALENDRONIC ACID,729,Vitamin D Deficiency,0.9977962970733643,0.4230705499649048,0.0008817075868137181,"FDPS,PDSS2,GGPS1,CA2,RUSC1,MMP2,CA12",NA,NA
82,3152,donepezil,15,54454,simvastatin,39,Hypercapnia,0.9977935552597046,0.5128757953643799,0.002062580082565546,"ABCB1,HRH3,CES2,CRAT,CPT2,CES4A,ABCC2,HMGCR,CEL,CPT1A",NA,NA
78,2118,alprazolam,15,54454,simvastatin,752,coronary artery bypass graft,0.9977801442146301,0.4408636689186096,0.006826534401625395,"ABCB1,BRD4,GABRA2,HMGCR,GABRA1,GABRA5","ABCC4,NA,SLCO1B1",NA
179,68740,Zoledronic acid,73,2088,ALENDRONIC ACID,492,elevated prostate specific antigen,0.9977721571922302,0.3298795223236084,0.006814342923462391,"FDPS,GGPS1,PDSS2,RUSC1","NUS1,MVK,OXLD1","isoprenoid biosynthetic process,prenyltransferase activity"
88,4594,omeprazole,15,54454,simvastatin,724,Post nasal drip,0.9977644681930542,0.595483660697937,0.004790883511304855,"HMGCR,ABCB1,SLCO1B1","ADAM2,UGT1A6,SLCO1B3,SLC22A8",NA
96,3325,famotidine,31,5039,Ranitidine Base,540,hypernatraemia,0.9977637529373169,0.4365062117576599,-9.360981493955478e-05,HRH2,NA,NA
22,3937,76547-98-3 (free),15,54454,simvastatin,489,cervical vertebral fracture,0.9977473616600037,0.3266635239124298,0.0006469757063314319,"HMGCR,ABCB1,ACE",NA,NA
96,3325,famotidine,24,5523,Ultram,759,tendon injury,0.9977285265922546,0.7940881252288818,-0.00035730699892155826,"SLC6A4,OPRD1,OPRK1,HRH2",NA,NA
208,3902,letrozole,117,60198,EXEMESTANE,179,bad breath,0.9977226853370667,0.7520683407783508,0.0008995156385935843,CYP19A1,"UGT2B4,UGT1A6","cellular glucuronidation,glucuronosyltransferase activity"
94,3510,granisetron,38,4595,ondansetron,299,bone marrow failure,0.9977189898490906,0.5814763903617859,0.9251166582107544,"CHRND,CHRNB2,CHRFAM7A,CHRNB4,CHRNA10","LYNX1,SLURP1","regulation of neurotransmitter receptor activity,synaptic transmission, cholinergic"
152,942,3-(1-methylpyrrolidin-2-yl)pyridine,38,4595,ondansetron,165,Neutropenia,0.9977039694786072,0.4714159667491913,0.9173885583877563,"CHRND,CHRNB2,CHRFAM7A,CHRNB4,CHRNA10,HTR7",LYNX1,"synaptic transmission, cholinergic"
96,3325,famotidine,31,5039,Ranitidine Base,727,neck mass,0.9976996779441833,0.5548997521400452,-4.223764335620217e-05,HRH2,NA,NA
182,2812,clotrimazole,84,3883,lansoprazole,469,radiculopathy,0.9976772665977478,0.17312368750572205,0.001827969215810299,"ABCB1,CYP2C19,KCNN4,CYP19A1,CYP2D6,KCNA3,SLC6A4,PHOSPHO1,CCR4",DNASE1L1,NA
73,2088,ALENDRONIC ACID,46,5245,Risedronic acid,637,periodontitis,0.9976704716682434,0.2957213222980499,0.005122494883835316,"FDPS,GGPS1,PDSS2,RUSC1","NUS1,FOXD4L6,COQ4,OXLD1","isoprenoid biosynthetic process,ubiquinone biosynthetic process,prenyltransferase activity"
195,3339,fenofibrate,89,2662,celecoxib,180,Arthritis infective,0.9976412057876587,0.21963953971862793,0.007536724675446749,"RBP7,PPARG,CA9,PTGS1,ADRA2B,TPO,MELTF,FABP12,PPARA",NA,NA
188,4409,nabumetone,89,2662,celecoxib,430,spondylosis,0.9976319074630737,0.23607750236988068,-0.001955789513885975,"CA1,SLC6A2,PXDN,CYP2C9,MAPK14,PXDNL,TPO,MELTF,CA10",SLC5A2,NA
194,150311,Ezetimibe,15,54454,simvastatin,752,coronary artery bypass graft,0.9976237416267395,0.291270911693573,0.004409061279147863,"SCAP,NPC1L1,ABCB1,SLCO1B1","ABCC4,BTNL8",NA
91,4679,pantoprazole,88,4594,omeprazole,161,amenorrhea,0.9976223111152649,0.6370201706886292,-2.2584254111279733e-05,ABCB1,"CD7,UGT1A6,SLCO1B3",NA
84,3883,lansoprazole,18,83786,NA,390,Acute myeloblastic leukemia,0.9976071119308472,0.1654462218284607,0.0002941375132650137,"CYP2C19,HPRT1,CYP2D6,OGG1,PRTFDC1,PHOSPHO1",NA,NA
179,68740,Zoledronic acid,73,2088,ALENDRONIC ACID,571,periodontal disease,0.9975975155830383,0.363677054643631,0.009755445644259453,"FDPS,PDSS2,GGPS1,RUSC1,MMP2","NUS1,FOXD4L6,OXLD1","isoprenoid biosynthetic process,prenyltransferase activity"
91,4679,pantoprazole,88,4594,omeprazole,732,parotitis,0.9975912570953369,0.545300304889679,6.865109753562137e-05,ABCB1,"CD7,UGT1A6,SLC22A8",NA
96,3325,famotidine,31,5039,Ranitidine Base,187,hepatic neoplasia,0.9975876808166504,0.6808391213417053,-0.00012571143452078104,HRH2,NA,NA
88,4594,omeprazole,15,54454,simvastatin,115,pleurisy,0.9975857734680176,0.5118367075920105,0.002853786339983344,ABCB1,"CD7,UGT1A6,SLCO1B3",NA
88,4594,omeprazole,15,54454,simvastatin,698,sarcoidosis,0.9975466132164001,0.638048529624939,0.002203267067670822,"HMGCR,ABCB1","CD7,UGT1A6",NA
215,1983,acetaminophen,179,68740,Zoledronic acid,551,Multiple Myeloma,0.9975370168685913,0.5649318695068359,0.0019567522685974836,"FDPS,CREBBP,INS-IGF2,PDSS2,GGPS1,MIF,CA7,CA2,LPO,TPO,MELTF,RUSC1,MMP2,CA12",NA,NA
84,3883,lansoprazole,18,83786,NA,745,aplasia pure red cell,0.9975188970565796,0.10764162242412567,5.700426481780596e-05,"PRTFDC1,HPRT1,PHOSPHO1",CHKA,"phosphatidylethanolamine biosynthetic process,phosphatidylcholine biosynthetic process"
37,3957,loratadine,19,3348,fexofenadine,860,endometriosis,0.9975056052207947,0.5428682565689087,0.0004949398571625352,"KCNH2,ABCB1,HRH1","KCNE2,KCNQ3","potassium ion transmembrane transport,membrane repolarization during action potential,regulation of membrane repolarization,membrane repolarization,membrane repolarization during ventricular cardiac muscle cell action potential,potassium ion export across plasma membrane,regulation of potassium ion transmembrane transport,ventricular cardiac muscle cell action potential,regulation of ventricular cardiac muscle cell membrane repolarization,regulation of heart rate by cardiac conduction,potassium ion import across plasma membrane,cardiac conduction,cellular response to drug,voltage-gated potassium channel complex,cell surface,delayed rectifier potassium channel activity,voltage-gated potassium channel activity involved in ventricular cardiac muscle cell action potential repolarization,inward rectifier potassium channel activity,voltage-gated potassium channel activity"
88,4594,omeprazole,15,54454,simvastatin,160,nasal congestion,0.9975019097328186,0.6238150596618652,0.0023291478864848614,"HMGCR,ABCB1,SLCO1B1","UGT1A6,SLCO1B3",NA
96,3325,famotidine,12,3446,gabapentin,364,Postherpetic Neuralgia,0.9974932670593262,0.5289088487625122,-8.264037751359865e-05,"CACNA2D3,CACNA2D4,BCAT1,BCAT2,CACHD1,CACNA2D2,HRH2",NA,NA
91,4679,pantoprazole,84,3883,lansoprazole,294,pulmonary mass,0.9974930286407471,0.107330821454525,-0.0006960795726627111,"CYP2C19,ABCB1,PHOSPHO1",NA,NA
195,3339,fenofibrate,96,3325,famotidine,53,disease of liver,0.9974506497383118,0.5841311812400818,0.00033493791124783456,"RBP7,FABP2,CRABP2,FABP7,FABP4,FABP6,FABP12,FABP5,FABP9,RBP1,RBP2,HRH2",NA,NA
84,3883,lansoprazole,73,2088,ALENDRONIC ACID,754,temporal arteritis,0.9974178075790405,0.08142217248678207,0.005475712940096855,"FDPS,PDSS2,GGPS1,CYP2C19,RUSC1,PHOSPHO1",DNASE1L1,NA
89,2662,celecoxib,18,83786,NA,804,Vitreous haemorrhage,0.9973957538604736,0.24318285286426544,-0.0005737583851441741,"CA1,CA9,HPRT1,CA2,PTGS2,MAPK14,CYP2D6,TPO,MELTF,CA10,PRTFDC1,CA7",NA,NA
96,3325,famotidine,31,5039,Ranitidine Base,526,hyperthyroidism,0.9973828196525574,0.5421501994132996,-9.99204785330221e-05,HRH2,NA,NA
215,1983,acetaminophen,89,2662,celecoxib,804,Vitreous haemorrhage,0.9973804354667664,0.22964487969875336,8.832704043015838e-05,"CA1,CREBBP,INS-IGF2,MIF,CA2,CYP2C9,ADRA2B,MELTF,TPO",NA,NA
126,3672,ibuprofen,84,3883,lansoprazole,667,Pharyngitis Streptococcal,0.9973170161247253,0.2860739231109619,0.0018726763082668185,"CYP2C19,PTGS1,CYP2D6,TPO,SLC22A7,PHOSPHO1,ALOX5",NA,NA
215,1983,acetaminophen,84,3883,lansoprazole,400,proteinuria,0.9973071813583374,0.24591295421123505,0.00015574910503346473,"CREBBP,INS-IGF2,CYP2C19,MIF,LPO,TPO,MELTF,PHOSPHO1,CA7",NA,NA
24,5523,Ultram,23,4158,methylphenidate,235,abuse,0.9972953200340271,0.774678647518158,0.00036021144478581846,"SLC6A17,SLC6A7,OPRM1,OPRK1,SLC6A13,SLC6A9,SLC6A6,SLC6A14,SLC6A19,SLC6A4,ADRA2A",XRCC4,NA
215,1983,acetaminophen,84,3883,lansoprazole,243,diabetic acidosis,0.9972936511039734,0.43562522530555725,-0.00017469716840423644,"INS-IGF2,CYP2C19,MIF,PTGS1,LPO,CYP2D6,TPO,TF,PHOSPHO1,CA7",CHKB,"phosphatidylethanolamine biosynthetic process,phosphatidylcholine biosynthetic process"
126,3672,ibuprofen,84,3883,lansoprazole,820,Meningitis Viral,0.9972852468490601,0.1836296021938324,0.0049913725815713406,"CYP2C19,PTGS1,CYP2D6,TPO,PXDNL,SLC22A7,PHOSPHO1,ALOX5","CHKA,CHKB","phosphatidylethanolamine biosynthetic process,phosphatidylcholine biosynthetic process,CDP-choline pathway,choline kinase activity,ethanolamine kinase activity"
88,4594,omeprazole,15,54454,simvastatin,675,Seroma,0.9972834587097168,0.5157057642936707,0.004109220579266548,"HMGCR,ABCB1,SLCO1B1","UGT1A6,SLCO1B3",NA
179,68740,Zoledronic acid,73,2088,ALENDRONIC ACID,724,Post nasal drip,0.9972826242446899,0.47125574946403503,0.007357623428106308,"FDPS,PDSS2,GGPS1,RUSC1,MMP2,CA12",FOXD4L6,NA
84,3883,lansoprazole,18,83786,NA,599,lymphoma,0.997258186340332,0.1405913382768631,-0.00029173013172112405,"PRTFDC1,HPRT1,PHOSPHO1",NA,NA
215,1983,acetaminophen,179,68740,Zoledronic acid,599,lymphoma,0.9972444772720337,0.5052905082702637,-0.000699839205481112,"CREBBP,INS-IGF2,GGPS1,MIF,PTGS1,CA2,MELTF,RUSC1,TF,MMP2",NA,NA
192,3658,hydroxyzine,37,3957,loratadine,510,hyperalimentation,0.9972409009933472,0.2939075231552124,0.0009578668978065252,"KCNH2,ABCB1,HRH1",NA,NA
56,271,calcium ion,38,4595,ondansetron,427,contracture,0.997236967086792,0.5232489109039307,0.999957263469696,"ZNF319,PEBP1,CHRNB1,ZNF22,PRSS22,ZNF560,COL11A2,ZFP14,SELL,ANKRD2,RASIP1,ZNF287,ZNF665,EFCAB3,CHRNA10,ZNF648,ZNF516,MYO3B,ZNF383,NT5E,ZNF646,CARNS1,TSSK1B,PDIA5,CPA3,ZNF415,CDH11,ZBTB1,GALNT7,TTLL10,TXNDC16,ZNF497,DPYSL2,KLK14,ATP12A,AGBL2,KLF6,TXNDC11,SLC25A24,UPP2,ZNF23,ZKSCAN5,ZNF251,KLK1,ZNF577,HSCB,MME,SI,PKN1,ZBTB39,PCMTD1,EGR3,CES4A,APRT,ENPP6,ANXA6,CES5A,BCL3,ZNF785,ZNF286A,ZNF691,LRP3,ZIM3,REM2,DUSP27,EXO1,ZNF264,ZNF324B,ACADM,GUCA1C,DHRSX,NACC1,ZNF717,DTYMK,ACAA2,CYP4B1,CYP7B1,DUPD1,POGZ,MT-CO2,COLEC12,ZNF672,ZNF816-ZNF321P,KCNA7,NCAM2,PPEF2,RHOD,ZBTB32,PLA2G4D,HHIPL2,NA,ZNF705D,FKBP5,CXXC1,CCKBR,TROVE2,SP6,PRDM6,ZNF74,PRSS45,ARSE,CBLB,ZNF230,PLA2G4F,NACC2,ZNF682,HP,ZNF565,BCL11A,IDH2,PRSS36,ZNF155,OGDHL,ZNF787,TUBB4A,ZBTB34,SP7,OGG1,DHFRL1,S100A13,CLPP,SERPINB10,ACTL8,SLC5A7,PRDM9,ZNF26,MSRB1,LRP5L,ZNF174,RPH3A,ZFP92,DUSP21,CASQ1,CNNM3,ZNF513,CIB3,ZNF679,ZNF19,LSM6,ZNF28,NCS1,GALNT8,ZNF616,ZNF605,ZNF235,WBSCR17,WT1,ZFP3,ZNF407,PRSS37,FANK1,HAVCR1,ANKRD20A4,SLC8A1,ADA,ZNF668,LIN28B,CYP2A7,SSH1,ZNF687,EFCAB1,TWF2,TAF5,ANKRD20A3,TMPRSS7,GGT5,NLGN2,MYH9,GPI,PMM1,ZNF865,ZNF740,CHRNB2,ISPD,NLGN4X,GGT6,PIGO,PRMT6,ZBED9,COA6,SDR42E1,ZNF366,ZNF580,ADAL,CAD,HLA-A,WARS2,KLK12,NANP,TMBIM1,MOCS2,CACNA1C,PADI4,SPINK13,GZMK,LARS,ZNF552,GCSH,ZNF500,NUDT14,NUDT7,NUDT8,ZNF358,FBL,SPINK7,MRPS6,AFM,UQCR11,NOX5,ZNF676,ZNF765,COX6A1,MTF1,SLC47A2,NUDT1,ATP13A1,VAMP7,HSPB11,ZNF653,KCNG2,ZNF557,ZNF808,PRSS38,KLKB1,FDFT1,TEK,MBTPS1,ZNF546,TRPV3,ZSCAN18,ATHL1,ZNF449,ANKRD26,ZNF232,KRBOX4,ZBTB5,CELA1,ZNF891,ZNF649,ZNF862,ZNF613,ZNF18,ZNF737,CHRFAM7A,PPCS,CHRNA1,ZNF423,SEMA4F,ZNF814,RND1,ZNF418,S100Z,TFPI,ANKRD54",LYNX1,"synaptic transmission, cholinergic"
84,3883,lansoprazole,73,2088,ALENDRONIC ACID,131,anal fissure,0.9972319006919861,0.10312815755605698,0.0017372776055708528,"PDSS2,GGPS1,CYP2C19,CYP2D6,RUSC1,PHOSPHO1",NA,NA
37,3957,loratadine,24,5523,Ultram,759,tendon injury,0.9972152709960938,0.7021622061729431,-0.0003834315575659275,"ABCB1,OPRM1,OPRK1,CYP2C19,HRH1,SLC6A4,OPRD1",NA,NA
88,4594,omeprazole,15,54454,simvastatin,445,monoclonal gammopathy,0.9972098469734192,0.36701053380966187,0.003247142070904374,"HMGCR,ABCB1,SLCO1B1",NA,NA
67,2678,cetirizine,19,3348,fexofenadine,759,tendon injury,0.9971858859062195,0.709896981716156,0.00025869690580293536,"KCNH2,HRH1","KCNE2,KCNQ3","potassium ion transmembrane transport,membrane repolarization during action potential,regulation of membrane repolarization,membrane repolarization,membrane repolarization during ventricular cardiac muscle cell action potential,potassium ion export across plasma membrane,regulation of potassium ion transmembrane transport,ventricular cardiac muscle cell action potential,regulation of ventricular cardiac muscle cell membrane repolarization,regulation of heart rate by cardiac conduction,potassium ion import across plasma membrane,cardiac conduction,cellular response to drug,voltage-gated potassium channel complex,cell surface,delayed rectifier potassium channel activity,voltage-gated potassium channel activity involved in ventricular cardiac muscle cell action potential repolarization,inward rectifier potassium channel activity,voltage-gated potassium channel activity"
94,3510,granisetron,38,4595,ondansetron,105,leucopenia,0.997184693813324,0.6997803449630737,0.8246668577194214,"CHRND,SLC47A1,CHRNA9,SLC5A7,CHRNB2,CHRFAM7A,CHRNB4,CHRNA10,HTR1B",CHRNB1,"behavioral response to nicotine,synaptic transmission, cholinergic,nervous system process,excitatory postsynaptic potential,acetylcholine-gated channel complex,acetylcholine binding,acetylcholine receptor activity,acetylcholine-gated cation-selective channel activity,ligand-gated ion channel activity,neurotransmitter receptor activity"
155,4170,metolazone,54,3440,furosemide,407,bundle branch block right,0.9971749782562256,0.2741130590438843,0.008605471812188625,"CA9,CA2,CA7",CYP24A1,NA
22,3937,76547-98-3 (free),15,54454,simvastatin,752,coronary artery bypass graft,0.9971703886985779,0.3983491063117981,0.001069293124601245,"HMGCR,ABCB1,ACE",CST3,NA
37,3957,loratadine,19,3348,fexofenadine,460,allergic rhinitis,0.9971576929092407,0.4764323830604553,0.0004585305287037045,"KCNH2,ABCB1,HRH1",KCNE2,"membrane repolarization during action potential,regulation of membrane repolarization,membrane repolarization,membrane repolarization during ventricular cardiac muscle cell action potential,potassium ion export across plasma membrane,regulation of potassium ion transmembrane transport,ventricular cardiac muscle cell action potential,regulation of ventricular cardiac muscle cell membrane repolarization,regulation of heart rate by cardiac conduction,potassium ion import across plasma membrane,cardiac conduction,cellular response to drug,potassium ion transmembrane transport,voltage-gated potassium channel complex,voltage-gated potassium channel activity involved in ventricular cardiac muscle cell action potential repolarization,inward rectifier potassium channel activity,delayed rectifier potassium channel activity"
88,4594,omeprazole,15,54454,simvastatin,598,excessive sleepiness,0.9971554279327393,0.5797487497329712,0.0019314393866807222,"HMGCR,ABCB1","UGT1A6,SLCO1B3",NA
89,2662,celecoxib,18,83786,NA,815,empyema,0.9971457123756409,0.13497641682624817,2.34319013543427e-05,"CA1,HPRT1,PTGS2,CYP2C9,MELTF,TPO,ADRA2B,CA10,PRTFDC1",NA,NA
215,1983,acetaminophen,126,3672,ibuprofen,229,Breast cyst,0.9971364736557007,0.3512846529483795,0.0019954959861934185,"CREBBP,MIF,PTGS1,PXDN,PTGS2,TPO,MELTF,SLC22A7,ALOX5,CA7","ABCC4,FOXE1,SLC26A4",NA
22,3937,76547-98-3 (free),15,54454,simvastatin,542,syncope vasovagal,0.997126042842865,0.3287195563316345,0.00022081416682340205,"ABCB1,HMGCR,ABCC2,ACE",NA,NA
195,3339,fenofibrate,88,4594,omeprazole,661,Altered Bowel Function,0.9971045851707458,0.4238555133342743,0.0020243129692971706,"RBP7,ABCB1,FABP4,FABP7,CRABP1,FABP12,FABP5,RBP2","UGT1A6,HSH2D",NA
88,4594,omeprazole,15,54454,simvastatin,188,azotaemia,0.9971041083335876,0.41870227456092834,0.0034874940756708384,"ABCB1,SLCO1B1","CD7,UGT1A6,SLCO1B3",NA
88,4594,omeprazole,15,54454,simvastatin,821,esophageal cancer,0.9970851540565491,0.5965911746025085,0.004510676022619009,"ABCB1,SLCO1B1","UGT1A6,SLCO1B3",NA
96,3325,famotidine,31,5039,Ranitidine Base,857,Viral Pharyngitis,0.9970813393592834,0.7140477299690247,-9.618460171623155e-05,HRH2,NA,NA
215,1983,acetaminophen,84,3883,lansoprazole,580,Cardiac tamponade,0.997077226638794,0.41143831610679626,-0.0011744254734367132,"CREBBP,INS-IGF2,CYP2C19,MIF,PTGS1,MELTF,TF,PHOSPHO1,CA7",CHKB,"phosphatidylethanolamine biosynthetic process,phosphatidylcholine biosynthetic process"
88,4594,omeprazole,15,54454,simvastatin,837,dysphemia,0.9970760345458984,0.6375206708908081,0.0030949010979384184,"HMGCR,ABCB1","CD7,UGT1A6,SLCO1B3",NA
88,4594,omeprazole,84,3883,lansoprazole,580,Cardiac tamponade,0.9970587491989136,0.529020369052887,0.00045122302253730595,"ABCB1,CYP2C19,CYP2D6,PHOSPHO1","CD7,UGT1A6,CHKB,SLCO1B3",NA
182,2812,clotrimazole,84,3883,lansoprazole,296,Phlebitis,0.9970400929450989,0.27904948592185974,0.0004918231861665845,"ABCB1,CYP2C19,KCNN4,CYP19A1,CYP2D6,KCNA3,SLC6A4,PHOSPHO1","DNASE1L1,CHKB",phosphatidylethanolamine biosynthetic process
126,3672,ibuprofen,84,3883,lansoprazole,805,venous insufficiency,0.9970381259918213,0.5331677198410034,0.0033535745460540056,"CYP2C19,PTGS1,LPO,CYP2D6,TPO,SLC22A7,PHOSPHO1,ALOX5","CHKA,CHKB,HHIPL2,DNASE1L1,ABCC4","phosphatidylethanolamine biosynthetic process,phosphatidylcholine biosynthetic process,CDP-choline pathway,choline kinase activity,ethanolamine kinase activity"
89,2662,celecoxib,12,3446,gabapentin,843,sacroiliitis,0.9970324039459229,0.2752096652984619,-0.0008663615444675088,"CA1,CACNA2D4,BCAT1,BCAT2,CA2,PTGS2,CACHD1,MAPK14,CA6,TPO,MELTF,PXDNL,CA10",NA,NA
215,1983,acetaminophen,84,3883,lansoprazole,501,renal tubular acidosis,0.9969885945320129,0.28815099596977234,0.002141965553164482,"CREBBP,INS-IGF2,CYP2C19,MIF,PTGS1,LPO,CYP2D6,MELTF,TF,PHOSPHO1",CHKB,"phosphatidylethanolamine biosynthetic process,phosphatidylcholine biosynthetic process"
215,1983,acetaminophen,18,83786,NA,102,glomerulonephritis,0.996985137462616,0.2286914885044098,-0.0013550842413678765,"CREBBP,INS-IGF2,MIF,HPRT1,TPO,MELTF,PRTFDC1,CA7",APOO,NA
88,4594,omeprazole,78,2118,alprazolam,536,melanocytic naevus,0.9969848990440369,0.330472469329834,0.0017813509330153465,"ABCB1,BRD4,GABRA2,GABRA3,GABRA5",NA,NA
134,444,bupropion,23,4158,methylphenidate,510,hyperalimentation,0.9969812035560608,0.5966846942901611,0.06725426018238068,"SLC6A7,SLC6A9,SLC6A6,SLC6A14,SLC6A19,HRH1",NA,NA
155,4170,metolazone,18,83786,NA,102,glomerulonephritis,0.996980607509613,0.1365213245153427,0.0009869931964203715,"PRTFDC1,HPRT1,CA7","CYP24A1,APOO",NA
60,5311297,SCHEMBL1133011,24,5523,Ultram,235,abuse,0.9969707727432251,0.6909043192863464,-0.00026335622533224523,"CYSLTR1,OPRM1,OPRK1,SLC6A4,OPRD1",NA,NA
96,3325,famotidine,37,3957,loratadine,759,tendon injury,0.9969680905342102,0.685889720916748,-0.0004230451013427228,"CYP2C19,ABCB1,HRH1,HRH2",NA,NA
88,4594,omeprazole,15,54454,simvastatin,705,Easy bruisability,0.9969611763954163,0.47341886162757874,0.0034960650373250246,"HMGCR,ABCB1,SLCO1B1","UGT1A6,SLCO1B3",NA
194,150311,Ezetimibe,15,54454,simvastatin,372,thyroid neoplasia,0.9969493746757507,0.2760688364505768,0.0018331899773329496,"SCAP,NPC1L1,ABCB1",NA,NA
88,4594,omeprazole,15,54454,simvastatin,449,pain pelvic,0.9969329833984375,0.47086721658706665,0.002812069607898593,"HMGCR,ABCB1,SLCO1B1","CD7,UGT1A6,SLCO1B3",NA
37,3957,loratadine,19,3348,fexofenadine,607,hesitancy,0.9969131946563721,0.5414302945137024,0.0006393857183866203,"KCNH2,ABCB1,HRH1",KCNE2,"membrane repolarization during action potential,regulation of membrane repolarization,membrane repolarization,membrane repolarization during ventricular cardiac muscle cell action potential,potassium ion export across plasma membrane,regulation of potassium ion transmembrane transport,ventricular cardiac muscle cell action potential,regulation of ventricular cardiac muscle cell membrane repolarization,regulation of heart rate by cardiac conduction,potassium ion import across plasma membrane,cardiac conduction,cellular response to drug,potassium ion transmembrane transport,voltage-gated potassium channel complex,voltage-gated potassium channel activity involved in ventricular cardiac muscle cell action potential repolarization,inward rectifier potassium channel activity,delayed rectifier potassium channel activity"
96,3325,famotidine,31,5039,Ranitidine Base,87,haemolytic anaemia,0.9969030022621155,0.4870666563510895,-9.80552940745838e-05,HRH2,NA,NA
89,2662,celecoxib,18,83786,NA,593,gouty arthritis,0.9968826770782471,0.24894259870052338,-0.001027449150569737,"CA1,CA9,HPRT1,CA2,MAPK14,CYP2D6,TPO,MELTF,ADRA2B,CA10,PRTFDC1,CA7",NA,NA
78,2118,alprazolam,37,3957,loratadine,759,tendon injury,0.9968764781951904,0.5023149847984314,0.00189078354742378,"ABCB1,GABRA2,KCNH2,HRH1,GABRA1,GABRA3,GABRA5",NA,NA
215,1983,acetaminophen,84,3883,lansoprazole,804,Vitreous haemorrhage,0.9968653321266174,0.17944778501987457,0.0005922404816374183,"CREBBP,INS-IGF2,CYP2C19,MIF,PTGS1,CYP2D6,TPO,MELTF,PHOSPHO1,CA7",DNASE1L1,NA
96,3325,famotidine,31,5039,Ranitidine Base,602,cerebral vascular disorder,0.9968582391738892,0.6073412299156189,-0.00012359108950477093,HRH2,NA,NA
84,3883,lansoprazole,18,83786,NA,498,Hypophosphataemia,0.9968528151512146,0.2773250341415405,0.00014356257452163845,"CYP2C19,HPRT1,OGG1,PRTFDC1,PHOSPHO1",ETNPPL,phosphatidylethanolamine biosynthetic process
96,3325,famotidine,31,5039,Ranitidine Base,610,cyst,0.9968523383140564,0.5214660167694092,-0.00017399720672983676,HRH2,NA,NA
169,2267,azelastine,88,4594,omeprazole,522,fractured pelvis NOS,0.9968380928039551,0.6395258903503418,0.0014590262435376644,"ABCB1,HRH3","NR1I3,CD7,UGT1A6,SLCO1B3",NA
215,1983,acetaminophen,195,3339,fenofibrate,243,diabetic acidosis,0.9968333840370178,0.4217522442340851,0.0006261028465814888,"RBP7,CREBBP,FABP7,PPARG,INS-IGF2,MIF,PTGS1,TF,TPO,MELTF,FABP12,FABP5,FABP9,PPARA,RBP1,RBP2,CA7",HSH2D,NA
88,4594,omeprazole,15,54454,simvastatin,649,Tenosynovitis,0.9968186616897583,0.6151147484779358,0.0032310758251696825,"HMGCR,ABCB1","CD7,UGT1A6,SLCO1B3",NA
88,4594,omeprazole,15,54454,simvastatin,850,tinea pedis,0.9967969059944153,0.6415919661521912,0.004883254878222942,"ABCB1,SLCO1B1","ABCC4,UGT1A6,SLCO1B3","transmembrane transport,export across plasma membrane,sodium-independent organic anion transport,organic anion transport,external side of apical plasma membrane,basolateral plasma membrane,bile acid transmembrane transporter activity,efflux transmembrane transporter activity,sodium-independent organic anion transmembrane transporter activity,xenobiotic transmembrane transporter activity,ATPase-coupled transmembrane transporter activity"
215,1983,acetaminophen,84,3883,lansoprazole,299,bone marrow failure,0.996773898601532,0.1720268726348877,-0.0001128977892221883,"CREBBP,INS-IGF2,CYP2C19,MIF,PTGS1,LPO,TPO,MELTF,MPO,TF,PHOSPHO1,CA7",NA,NA
31,5039,Ranitidine Base,24,5523,Ultram,107,bursitis,0.9967657327651978,0.7078073620796204,-0.00045123606105335057,"SLC6A2,OPRK1,SLC6A4,OPRD1,HRH2",NA,NA
134,444,bupropion,23,4158,methylphenidate,850,tinea pedis,0.9967272281646729,0.5798766613006592,0.11540452390909195,"SLC6A17,SLC6A13,CYP2C19,SLC6A9,SLC6A6,SLC6A14,SLC6A19,ADRA2B,SLC6A4,CHRM2,SLC6A16","SNCG,PLA2G10,UGT1A6,ACSF2,ASMT,CA2,GPR21,DNASE1L1,PLB1,PLA2G2E,HSD17B7","phosphatidylcholine acyl-chain remodeling,phospholipid metabolic process,phospholipase A2 activity consuming 1,2-dioleoylphosphatidylethanolamine),phospholipase A2 activity (consuming 1,2-dipalmitoylphosphatidylcholine),phospholipase A2 activity"
89,2662,celecoxib,12,3446,gabapentin,856,Bunion,0.9967083930969238,0.6193533539772034,0.0006173307774588466,"CA1,CACNA2D3,CA9,BCAT1,CACHD1,MAPK14,CYP2D6,MELTF,ADRA2B,CA10,CA5B,TF",NA,NA
195,3339,fenofibrate,89,2662,celecoxib,845,pyuria,0.9967029690742493,0.21320411562919617,0.004995006136596203,"RBP7,CA1,PPARG,RBP5,CA9,PTGS1,CYP2C9,ADRA2B,PTPRZ1,TPO,MELTF,FABP5,FABP9,FABP12,RBP1",SLURP1,NA
192,3658,hydroxyzine,37,3957,loratadine,607,hesitancy,0.996702253818512,0.3022709786891937,0.0006056134006939828,"KCNH2,ABCB1,HRH1",NA,NA
195,3339,fenofibrate,88,4594,omeprazole,830,food intolerance,0.9967020153999329,0.41352251172065735,0.0019044503569602966,"RBP7,CRABP2,ABCB1,PPARG,FABP7,FABP3,CRABP1,FABP12,FABP5,RBP1,RBP2",SLCO1B3,NA
179,68740,Zoledronic acid,73,2088,ALENDRONIC ACID,382,mouth pain,0.9966651797294617,0.37240299582481384,0.00617040554061532,"FDPS,PDSS2,GGPS1,CA2,RUSC1,MMP2,CA12","KATNBL1,COQ4,OXLD1,NUS1,CCDC69,FOXD4L6",prenyltransferase activity
179,68740,Zoledronic acid,46,5245,Risedronic acid,738,Tooth Impacted,0.9966609477996826,0.4942372441291809,0.0024803250562399626,"FDPS,PDSS2,GGPS1,MMP2,CA12","ZNF517,OXLD1,NUS1,FNTB,FOXD4L6","isoprenoid biosynthetic process,prenyltransferase activity"
88,4594,omeprazole,34,2162,amlodipine,379,bone inflammation,0.9966609477996826,0.38935384154319763,0.005134561099112034,"ABCB1,NALCN,CACNA1G,SCN10A,SCN11A,ADRA2A","UGT1A6,SLCO1B3",NA
215,1983,acetaminophen,84,3883,lansoprazole,39,Hypercapnia,0.9966602325439453,0.10459857434034348,0.00014257364091463387,"CREBBP,INS-IGF2,CYP2C19,MIF,PTGS1,LPO,CYP2D6,TPO,MELTF,TF,PHOSPHO1,CA7",CHKB,"phosphatidylethanolamine biosynthetic process,phosphatidylcholine biosynthetic process"
134,444,bupropion,84,3883,lansoprazole,253,Superficial thrombophlebitis,0.9966523051261902,0.4338373839855194,0.008112708106637001,"SLC6A13,CYP2C19,SLC6A6,PHOSPHO1,SLC6A14,SLC6A19,CYP2D6,SLC6A4,CHRM2,CHRM1,SLC6A16","DNASE1L1,CHKB",phosphatidylethanolamine biosynthetic process
31,5039,Ranitidine Base,24,5523,Ultram,115,pleurisy,0.9966123700141907,0.657408595085144,-0.00036572132376022637,"SLC6A4,OPRD1,OPRK1,HRH2",NA,NA
209,110635,Tadalafil,159,5212,NA,725,labyrinthitis,0.9965930581092834,0.4631848931312561,0.0015693726018071175,"PDE6B,PDE6C,PDE7A,ADORA1,PDE11A",NA,NA
37,3957,loratadine,19,3348,fexofenadine,759,tendon injury,0.9965925812721252,0.7926324605941772,0.0007221270934678614,"KCNH2,ABCB1,HRH1",NA,NA
88,4594,omeprazole,15,54454,simvastatin,300,deglutition disorder,0.9965834021568298,0.46994301676750183,0.0018605380319058895,"HMGCR,ABCB1",NA,NA
88,4594,omeprazole,15,54454,simvastatin,106,rhinorrhea,0.9965787529945374,0.5296604037284851,0.003587838262319565,"HMGCR,ABCB1,SLCO1B1","UGT1A6,SLCO1B3",NA
96,3325,famotidine,31,5039,Ranitidine Base,486,atrial ectopic beats,0.9965711832046509,0.6427324414253235,-0.00016112739103846252,HRH2,NA,NA
195,3339,fenofibrate,89,2662,celecoxib,587,pancreatitis relapsing,0.9965671300888062,0.2828315794467926,0.015206564217805862,"PPARG,CA9,CYP2C9,ADRA2B,TPO,FABP12,FABP5,RBP2",NA,NA
88,4594,omeprazole,15,54454,simvastatin,487,external ear infection,0.996565043926239,0.46243545413017273,0.005857501178979874,"ABCB1,SLCO1B1","ABCC2,UGT1A6,SLCO1B3","bile acid and bile salt transport,transmembrane transport,xenobiotic transport across blood-brain barrier,transepithelial transport,sodium-independent organic anion transport,organic anion transport,ABC-type xenobiotic transporter activity,bile acid transmembrane transporter activity,organic anion transmembrane transporter activity,sodium-independent organic anion transmembrane transporter activity,xenobiotic transmembrane transporter activity,ATPase-coupled transmembrane transporter activity"
96,3325,famotidine,31,5039,Ranitidine Base,156,Near Syncope,0.9965603947639465,0.5579692721366882,-0.00022243475541472435,HRH2,NA,NA
195,3339,fenofibrate,89,2662,celecoxib,431,hyperparathyroidism,0.9965595602989197,0.3935939371585846,0.03942595049738884,"CA1,PPARG,CA9,TPO,CA10,FABP12,FABP5",NA,NA
56,271,calcium ion,38,4595,ondansetron,445,monoclonal gammopathy,0.9965574741363525,0.4582116901874542,0.9999718070030212,"CHRNA3,ZNF324B,CHRNB1,CHRND,SLC5A7,PRDM9,CHRNB4,CHRNA10,HTR7,CHRNA4,CYP3A4,SLC47A1,CASQ1,COX6A1,KCNH2,LSM6,CCKBR,CHRNA9,UPP2,CBLB,CHRNB2,CHRFAM7A,HTR1B,EXO1,CHRM1,ANKRD54",NA,NA
82,3152,donepezil,22,3937,76547-98-3 (free),542,syncope vasovagal,0.9965528249740601,0.22292056679725647,0.001960359513759613,"CES2,CRAT,CES4A,CPT1A,ACE",NA,NA
134,444,bupropion,24,5523,Ultram,693,breast tenderness,0.9965360164642334,0.46859195828437805,0.001830840134061873,"OPRM1,OPRK1,SLC6A7,SLC6A13,CYP2C19,SLC6A9,SLC6A6,SLC6A14,SLC6A19,SLC6A4,OPRD1,CHRM2,SLC6A16",XRCC4,NA
88,4594,omeprazole,15,54454,simvastatin,860,endometriosis,0.9965307116508484,0.5137309432029724,0.005286257714033127,"HMGCR,ABCB1",UGT1A6,NA
96,3325,famotidine,31,5039,Ranitidine Base,688,Carcinoma of Prostate,0.9965294003486633,0.5103222727775574,-0.0001357737637590617,HRH2,NA,NA
215,1983,acetaminophen,84,3883,lansoprazole,820,Meningitis Viral,0.9965227842330933,0.2050556242465973,0.0002819567162077874,"CREBBP,INS-IGF2,CYP2C19,MIF,PTGS1,LPO,CYP2D6,TPO,MELTF,PHOSPHO1,CA7",CHKB,"phosphatidylethanolamine biosynthetic process,phosphatidylcholine biosynthetic process"
88,4594,omeprazole,34,2162,amlodipine,724,Post nasal drip,0.9965211153030396,0.4246463179588318,0.007271134294569492,"ABCB1,NALCN,CACNA1G,SCN11A,ADRA2A","UGT1A6,SLCO1B3,SLC22A8",NA
